UniProtKB-AC,UniProtKB-ID,GeneID,RefSeq,UniParc,EMBL-CDS,Ensembl,target,ncbi_code
,,,WP_106300434.1,,,,WP_106300434.1,WP_106300434.1
,,,WP_072620600.1,,,,WP_072620600.1,WP_072620600.1
,,,WP_144416121.1,,,,WP_144416121.1,WP_144416121.1
,,,WP_162425297.1,,,,WP_162425297.1,WP_162425297.1
,,,WP_009555277.1,,,,WP_009555277.1,WP_009555277.1
,,,WP_023071406.1,,,,WP_023071406.1,WP_023071406.1
,,,WP_166274714.1,,,,WP_166274714.1,WP_166274714.1
,,,WP_088243775.1,,,,WP_088243775.1,WP_088243775.1
,,,WP_015203352.1,,,,WP_015203352.1,WP_015203352.1
,,,WP_048321220.1,,,,WP_048321220.1,WP_048321220.1
,,,WP_068817853.1,,,,WP_068817853.1,WP_068817853.1
,,,WP_144868371.1,,,,WP_144868371.1,WP_144868371.1
,,,WP_080808153.1,,,,WP_080808153.1,WP_080808153.1
,,,WP_073548873.1,,,,WP_073548873.1,WP_073548873.1
,,,WP_121967814.1,,,,WP_121967814.1,WP_121967814.1
,,,WP_036482472.1,,,,WP_036482472.1,WP_036482472.1
,,,WP_107671288.1,,,,WP_107671288.1,WP_107671288.1
,,,WP_085435726.1,,,,WP_085435726.1,WP_085435726.1
,,,WP_068390409.1,,,,WP_068390409.1,WP_068390409.1
,,,WP_096621581.1,,,,WP_096621581.1,WP_096621581.1
,,,WP_071992200.1,,,,WP_071992200.1,WP_071992200.1
,,,WP_019504521.1,,,,WP_019504521.1,WP_019504521.1
,,,WP_009344401.1,,,,WP_009344401.1,WP_009344401.1
,,,WP_067774034.1,,,,WP_067774034.1,WP_067774034.1
,,,WP_017295263.1,,,,WP_017295263.1,WP_017295263.1
,,,WP_040554050.1,,,,WP_040554050.1,WP_040554050.1
,,,WP_018400175.1,,,,WP_018400175.1,WP_018400175.1
,,,WP_099533797.1,,,,WP_099533797.1,WP_099533797.1
,,,WP_084782559.1,,,,WP_084782559.1,WP_084782559.1
,,,WP_161825902.1,,,,WP_161825902.1,WP_161825902.1
,,,WP_106456638.1,,,,WP_106456638.1,WP_106456638.1
,,,WP_071591932.1,,,,WP_071591932.1,WP_071591932.1
,,,WP_084639422.1,,,,WP_084639422.1,WP_084639422.1
,,,WP_106287117.1,,,,WP_106287117.1,WP_106287117.1
,,,WP_106258366.1,,,,WP_106258366.1,WP_106258366.1
,,,WP_082218351.1,,,,WP_082218351.1,WP_082218351.1
,,,WP_146296165.1,,,,WP_146296165.1,WP_146296165.1
,,,WP_017711242.1,,,,WP_017711242.1,WP_017711242.1
,,,WP_104397532.1,,,,WP_104397532.1,WP_104397532.1
,,,WP_088894709.1,,,,WP_088894709.1,WP_088894709.1
,,,WP_017304341.1,,,,WP_017304341.1,WP_017304341.1
,,,WP_015168633.1,,,,WP_015168633.1,WP_015168633.1
,,,WP_015200940.1,,,,WP_015200940.1,WP_015200940.1
,,,WP_028954273.1,,,,WP_028954273.1,WP_028954273.1
,,,WP_030007129.1,,,,WP_030007129.1,WP_030007129.1
,,,WP_106882388.1,,,,WP_106882388.1,WP_106882388.1
,,,WP_052584896.1,,,,WP_052584896.1,WP_052584896.1
,,,WP_124972497.1,,,,WP_124972497.1,WP_124972497.1
,,,WP_132866703.1,,,,WP_132866703.1,WP_132866703.1
,,,WP_169613988.1,,,,WP_169613988.1,WP_169613988.1
,,,WP_162548634.1,,,,WP_162548634.1,WP_162548634.1
,,,WP_024544479.1,,,,WP_024544479.1,WP_024544479.1
,,,WP_168571633.1,,,,WP_168571633.1,WP_168571633.1
,,,WP_026100966.1,,,,WP_026100966.1,WP_026100966.1
,,,WP_019500117.1,,,,WP_019500117.1,WP_019500117.1
,,,WP_096691558.1,,,,WP_096691558.1,WP_096691558.1
K9T7W9,,,WP_015144817.1,,AFY78518.1,,WP_015144817.1,WP_015144817.1
K9XRG4,,,WP_015192774.1,,AFZ35103.1,,WP_015192774.1,WP_015192774.1
E0UCL3,,,WP_013322190.1,,ADN14084.1,,WP_013322190.1,WP_013322190.1
L8LTP2,,,WP_006511796.1,,ELS01024.1,,WP_006511796.1,WP_006511796.1
D3EPV1,,,WP_012954188.1,,ADB95501.1,,WP_012954188.1,WP_012954188.1
K9Y8B4,,,WP_015224605.1,,AFZ42727.1,,WP_015224605.1,WP_015224605.1
L8LRC1,,,WP_006528479.1,,ELR98690.1,,WP_006528479.1,WP_006528479.1
K9YXK8,,,WP_015230632.1,,AFZ51654.1,,WP_015230632.1,WP_015230632.1
K9S065,,,WP_015126244.1,,AFY62707.1,,WP_015126244.1,WP_015126244.1
K9SLU8,,,WP_015166536.1,,AFY71582.1,,WP_015166536.1,WP_015166536.1
U5DQ19,,,WP_022606389.1,,ERN41795.1,,WP_022606389.1,WP_022606389.1
U5QDK8,,,WP_023172072.1,,AGY57022.1,,WP_023172072.1,WP_023172072.1
B4WKP9,,,WP_006455717.1,,EDX85960.1,,WP_006455717.1,WP_006455717.1
K9R677,,,WP_015116529.1,,AFY52951.1,,WP_015116529.1,WP_015116529.1
A0A1Q4R8G2,,,WP_075889505.1,,OKH19367.1,,WP_075889505.1,WP_075889505.1
A0A1U7J857,,,WP_073607616.1,,OKH49509.1,,WP_073607616.1,WP_073607616.1
A0A1E5QID9,,,WP_069967886.1,,OEJ74388.1,,WP_069967886.1,WP_069967886.1
A0A1J0AGT3,,,WP_071455489.1,,APB35156.1,,WP_071455489.1,WP_071455489.1
A0A0F5YA55,,,WP_046281311.1,,KKD35517.1,,WP_046281311.1,WP_046281311.1
A0A1E5QV71,,,WP_069790862.1,,OEJ78569.1,,WP_069790862.1,WP_069790862.1
K9Z189,,,WP_015218062.1,,AFZ52330.1,,WP_015218062.1,WP_015218062.1
Q2JSF9,,,WP_011431089.1,,ABD00416.1,,WP_011431089.1,WP_011431089.1
A0A6P0KFW4,,,WP_071102121.1,,NEO35306.1,,WP_071102121.1,WP_071102121.1
,,,,,TKZ26913.1,,TKZ26913.1,TKZ26913.1
,,,,,GCE95998.1,,GCE95998.1,GCE95998.1
,,,,,PSP15035.1,,PSP15035.1,PSP15035.1
U7QMF3,,,,,ERT09159.1,,ERT09159.1,ERT09159.1
B0JI20,,,,,BAG05582.1,,BAG05582.1,BAG05582.1
D8G079,,,,,CBN56019.1,,CBN56019.1,CBN56019.1
K9TG33,,,WP_015147987.1,,AFY81343.1,,AFY81343.1,WP_015147987.1
K9SC83,,,WP_015173357.1,,AFY67793.1,,AFY67793.1,WP_015173357.1
B8HKC6,,,,,ACL45117.1,,ACL45117.1,ACL45117.1
B4VXP0,,,,,EDX73328.1,,EDX73328.1,EDX73328.1
A0A3M9Z677,,,,,RNJ67070.1,,RNJ67070.1,RNJ67070.1
A0A1Q8ZJV0,,,,,OLP20417.1,,OLP20417.1,OLP20417.1
A0A2T2RZT8,,,,,PSP17127.1,,PSP17127.1,PSP17127.1
A0A2N5JP96,,,,,PLS68317.1,,PLS68317.1,PLS68317.1
A0A2W4VGC6,,,,,PZO08615.1,,PZO08615.1,PZO08615.1
A0A9P1NXI3,,,,,CDM93748.1,,CDM93748.1,CDM93748.1
A0A6P2AAG1,,,,,TVQ43653.1,,TVQ43653.1,TVQ43653.1
A0A2W4WYD8,,,,,PZO49560.1,,PZO49560.1,PZO49560.1
A0A251WIF2,,,,,OUC15092.1,,OUC15092.1,OUC15092.1
A0A068N0B4,,,,,AIE75570.1,,AIE75570.1,AIE75570.1
A0AAE6P2N5,,,,,QFZ91840.1,,QFZ91840.1,QFZ91840.1
A0A651ENP9,,,,,TVQ19912.1,,TVQ19912.1,TVQ19912.1
A0A2W1JLS6,,,,,PZD71832.1,,PZD71832.1,PZD71832.1
A0A3B7MC77,,,,,AXY68227.1,,AXY68227.1,AXY68227.1
A0A0V7ZTB9,,,,,KST67722.1,,KST67722.1,KST67722.1
A0A3M1SUB1,,,,,RMG07956.1,,RMG07956.1,RMG07956.1
A0A1U7IGD6,,,WP_073595039.1,,OKH36044.1,,OKH36044.1,WP_073595039.1
A0A0M1JY78,,,,,KOR37720.1,,KOR37720.1,KOR37720.1
A0A2W7B6W2,,,,,PZV25621.1,,PZV25621.1,PZV25621.1
A0A3M1KTL4,,,,,RMF21621.1,,RMF21621.1,RMF21621.1
A0A2W7ALC7,,,,,PZV10928.1,,PZV10928.1,PZV10928.1
A0A1Z4RBF1,,,,,BAZ39800.1,,BAZ39800.1,BAZ39800.1
